<?xml version='1.0' encoding='utf-8' standalone='yes' ?>
<map>
    <string name="prev_event_name">home_screen_opened</string>
    <long name="prev_event_timestamp" value="1762362848815" />
    <int name="appsFlyerInAppEventCount" value="5" />
    <string name="gcd">{&quot;net&quot;:3053,&quot;retries&quot;:0}</string>
    <long name="prev_session_dur" value="4" />
    <string name="afUninstallToken">fHUgiw12SMSBOK0-5ADONi:APA91bG6mqVWsTFp-w9Zvcz12EcvppMgPt3_au9PHss3M3A77AVJZIepvx0MnG5MVUrG0iA5cLHvF8CRw0X6S0gqJlwJo0zbTNGXQok3NvW1yuaKTZJERXM</string>
    <boolean name="ddl_sent" value="true" />
    <long name="af_rc_max_age" value="86400" />
    <string name="sentSuccessfully">true</string>
    <string name="af_remote_config">eyJmZWF0dXJlcyI6e30sInZlciI6ImRlZmF1bHQudjEuMTYzNzE0OTUyOSJ9</string>
    <int name="versionCode" value="115" />
    <string name="savedProperties">{&quot;uid&quot;:&quot;1762346086354-4678192027942468321&quot;,&quot;onelinkVersion&quot;:&quot;3&quot;,&quot;logLevel&quot;:&quot;0&quot;,&quot;oneLinkSlug&quot;:&quot;tlS1&quot;,&quot;onelinkDomain&quot;:&quot;viralo.onelink.me&quot;,&quot;onelinkScheme&quot;:&quot;viralo:\/\/&quot;}</string>
    <string name="AF_INSTALLATION">1762346086354-4678192027942468321</string>
    <boolean name="afUninstallToken_queued" value="false" />
    <int name="appsFlyerCount" value="5" />
    <long name="af_rc_timestamp" value="1762346086721" />
    <long name="AppsFlyerTimePassedSincePrevLaunch" value="1762362847436" />
    <boolean name="newGPReferrerSent" value="true" />
    <string name="appsFlyerFirstInstall">2025-11-05_180446+0530</string>
    <long name="afUninstallToken_received_time" value="1762346138168" />
    <string name="attributionId">{&quot;af_status&quot;:&quot;Organic&quot;,&quot;af_message&quot;:&quot;organic install&quot;,&quot;is_first_launch&quot;:false}</string>
</map>
