<?xml version='1.0' encoding='utf-8' standalone='yes' ?>
<map>
    <long name="com.facebook.appevents.SessionInfo.sessionStartTime" value="1762362846751" />
    <long name="com.facebook.appevents.SessionInfo.sessionEndTime" value="1762362852350" />
    <boolean name="bg_startup_tracing" value="false" />
    <int name="com.facebook.appevents.SessionInfo.interruptionCount" value="1" />
    <int name="com.encdata.missl.classes.originalInstallVersionCode" value="115" />
    <long name="com.encdata.missl.classes.cloneTimestamp" value="1762346170624" />
    <string name="com.facebook.appevents.SessionInfo.sessionId">aeec2174-6a62-463c-9f92-4f8295031d56</string>
</map>
