<?xml version='1.0' encoding='utf-8' standalone='yes' ?>
<map>
    <long name="fire-count" value="1" />
    <string name="last-used-date">2025-11-05</string>
    <set name="fire-transport/18.2.0 fire-installations/18.0.0 android-min-sdk/24 device-model/29e08716be91326f react-native-firebase/21.7.4 fire-android/35 android-installer/com.android.vending fire-core/21.0.0 device-name/12305bc3a42a3bf6 fire-core-ktx/21.0.0 device-brand/6cb4a984dcc4d04e android-platform/ fire-fcm/24.1.0 android-target-sdk/27 kotlin/1.9.25">
        <string>2025-11-05</string>
    </set>
    <long name="fire-global" value="1762346085415" />
</map>
