{"Fid":"cDqQ4vkVTc6o0oAtl5Qaad","Status":3,"AuthToken":"eyJhbGciOiJFUzI1NiIsInR5cCI6IkpXVCJ9.eyJhcHBJZCI6IjE6NjM2ODEzODMyNjYyOmFuZHJvaWQ6NmVlMWZhZWNlZGIzYjFkYmZjNzQ3NyIsImV4cCI6MTc2NDk5MTAwMCwiZmlkIjoiY0RxUTR2a1ZUYzZvMG9BdGw1UWFhZCIsInByb2plY3ROdW1iZXIiOjYzNjgxMzgzMjY2Mn0.AB2LPV8wRAIgOTGuOprIFshacLKU4O23zu9pui-7C8j7hxY_jVUkUvUCIFpN8Ll88F0AaWJloZHICO35DomvkWdYZkL2zR-oynf0","RefreshToken":"3_AS3qfwLxFhKgDdBypay_Gez9mutCxrQ1ZOuJEYH_r7jnvlpIa3jBSVnKohg8Yim7aKphvEfToyKaw2b3cJ_WX5DBAir9TcKCT-tXtv9_hOJ_qy4","TokenCreationEpochInSecs":1764386200,"ExpiresInSecs":604800}