{"Fid":"cMqpTyrTQ3-_oiXxRMON9N","Status":3,"AuthToken":"eyJhbGciOiJFUzI1NiIsInR5cCI6IkpXVCJ9.eyJhcHBJZCI6IjE6ODc2MzMzMzcxNTk2OmFuZHJvaWQ6OTJlMjQzNjFhNmE0YWIzY2Y4MzI2OSIsImV4cCI6MTc1ODk2NDM5OCwiZmlkIjoiY01xcFR5clRRMy1fb2lYeFJNT045TiIsInByb2plY3ROdW1iZXIiOjg3NjMzMzM3MTU5Nn0.AB2LPV8wRAIgSaTnV4bqYcl_FAOKNwM4D9w-WRXkuHzKzVJOmAWw0QMCIGEiWtazCTYBFxf_L2sjnTIhYms4DGXfZ489FSp3VIsY","RefreshToken":"3_AS3qfwLo-dGaMkwoAeNFBdhcuMdEYn0JzihEa86SE50OqfnVjJ3OtHaQB7DbFHmSw4jLZGpO1PCiSErzb7jMw_ljSY9WrWJkhXWDk9S3MkKR2dk","TokenCreationEpochInSecs":1758359598,"ExpiresInSecs":604800}