{"Fid":"fnSJUjVdRh-9VoQVUo8dwF","Status":3,"AuthToken":"eyJhbGciOiJFUzI1NiIsInR5cCI6IkpXVCJ9.eyJhcHBJZCI6IjE6NjM2ODEzODMyNjYyOmFuZHJvaWQ6NmVlMWZhZWNlZGIzYjFkYmZjNzQ3NyIsImV4cCI6MTc1ODk2NDM5NywiZmlkIjoiZm5TSlVqVmRSaC05Vm9RVlVvOGR3RiIsInByb2plY3ROdW1iZXIiOjYzNjgxMzgzMjY2Mn0.AB2LPV8wRgIhAIVK8Wk9DZAj2LxDZXFteXU_hULt1r1YrSo9oBdQbw7GAiEAvtrJVmry19lJZozBuuqOG_mhOzvw3O6D4tVfLpPUgKs","RefreshToken":"3_AS3qfwKsbeh_oY_58XmtWXKsMlR41zcYZAfC0m1MNgZPbdQ0e76Qx0Cl557eEkMPUgPh6xdS0YMCLb-BT8_OMgu9OqM_RgqKiDNY4nVSQ_jpJc8","TokenCreationEpochInSecs":1758359596,"ExpiresInSecs":604800}