{"Fid":"cthijv7ZQb2KJlPB12-c9q","Status":3,"AuthToken":"eyJhbGciOiJFUzI1NiIsInR5cCI6IkpXVCJ9.eyJhcHBJZCI6IjE6NzA4NjExMzg5NzEyOmFuZHJvaWQ6YjU1YjMzMjgxMDcyZWYwZmVkNGQ5NSIsImV4cCI6MTc2MjEyNTEyNiwiZmlkIjoiY3RoaWp2N1pRYjJLSmxQQjEyLWM5cSIsInByb2plY3ROdW1iZXIiOjcwODYxMTM4OTcxMn0.AB2LPV8wRgIhAPNyL-3HKpd74Kk_0mVRrAg_7GnCmfweY3UnhnFOS-onAiEA38CU79KJ8cEcLs8yUtkE4zOAlUbJFW7xUkUArwVT-zs","RefreshToken":"3_AS3qfwKQGzuWkHbY2qsAOE-A-u3s3hQg2fK8Bf1bI-rvTf6AyXdlZtNK3aSnda_srIgShgAAVlKc4fr2zXb6wh5txRildkp8peq6W3_kk8ZbnQ","TokenCreationEpochInSecs":1761520324,"ExpiresInSecs":604800}