{"Fid":"fHUgiw12SMSBOK0-5ADONi","Status":3,"AuthToken":"eyJhbGciOiJFUzI1NiIsInR5cCI6IkpXVCJ9.eyJhcHBJZCI6IjE6MTAxNjc4NjQ0NTg4MjphbmRyb2lkOjI2MWUxNWI4MDZlYmMwOGJlZTc3MDMiLCJleHAiOjE3NjI5NTA4ODYsImZpZCI6ImZIVWdpdzEyU01TQk9LMC01QURPTmkiLCJwcm9qZWN0TnVtYmVyIjoxMDE2Nzg2NDQ1ODgyfQ.AB2LPV8wRQIhAJisC6pAA0fxt0q0H8iUPZ49tMKaj8ptutmO2rVY5S2SAiANIqm6pSEe1Y0MR62ueHUiDgBrvwNhOtva-xmWXylBWg","RefreshToken":"3_AS3qfwKmQaZmxWIrZjtbJJZk6wVKquRTj7WmeoTu9F7GVkdosULp_6iyvDy3Yy3cre__K85CvFbKEHKOszowSbu5ceAZAtVUB6PjX0u72a1wExQ","TokenCreationEpochInSecs":1762346086,"ExpiresInSecs":604800}