<?xml version='1.0' encoding='utf-8' standalone='yes' ?>
<map>
    <string name="prev_event_name">af_content_view</string>
    <long name="prev_event_timestamp" value="1758359948567" />
    <int name="appsFlyerInAppEventCount" value="2" />
    <long name="prev_session_dur" value="14" />
    <string name="afUninstallToken">fnSJUjVdRh-9VoQVUo8dwF:APA91bHFuzLM5tjwwuD2RsGr-x_oXWCr01gzvoYcCf5JKCA3DbJG73tDOW6nNNvQouGKchI-CUVGhL-IO8DwJ0t7yheeqnWfrUEMaUbl4bwpFN0RpTihZUc</string>
    <long name="af_rc_max_age" value="86400" />
    <boolean name="ddl_sent" value="true" />
    <string name="sentSuccessfully">true</string>
    <string name="af_remote_config">eyJmZWF0dXJlcyI6e30sInZlciI6ImRlZmF1bHQudjEuMTYzNzE0OTUyOSJ9</string>
    <int name="versionCode" value="240011287" />
    <boolean name="sentRegisterRequestToAF" value="true" />
    <string name="savedProperties">{&quot;uid&quot;:&quot;1758359596149-1234694019650096016&quot;,&quot;waitForCustomerId&quot;:&quot;false&quot;,&quot;AppUserId&quot;:&quot;124701114&quot;}</string>
    <string name="AF_INSTALLATION">1758359596149-1234694019650096016</string>
    <boolean name="afUninstallToken_queued" value="false" />
    <int name="appsFlyerCount" value="8" />
    <long name="af_rc_timestamp" value="1758359596491" />
    <long name="AppsFlyerTimePassedSincePrevLaunch" value="1758359943611" />
    <boolean name="newGPReferrerSent" value="true" />
    <string name="appsFlyerFirstInstall"></string>
    <long name="afUninstallToken_received_time" value="1758359599368" />
    <string name="attributionId">{&quot;install_time&quot;:&quot;2025-09-20 09:13:21.720&quot;,&quot;af_message&quot;:&quot;organic install&quot;,&quot;af_status&quot;:&quot;Organic&quot;,&quot;is_first_launch&quot;:false}</string>
</map>
