<?xml version='1.0' encoding='utf-8' standalone='yes' ?>
<map>
    <boolean name="bg_startup_tracing" value="false" />
    <long name="com.facebook.appevents.SessionInfo.sessionStartTime" value="1758359942795" />
    <long name="com.facebook.appevents.SessionInfo.sessionEndTime" value="1758359956808" />
    <string name="com.facebook.appevents.UserDataStore.internalUserData">{&quot;r2&quot;:&quot;16a55b8fb60beb4ed4d830532a3c678c6bfffbf9a4fdf23abbc35e81185a3e87&quot;}</string>
    <int name="com.facebook.appevents.SessionInfo.interruptionCount" value="0" />
    <string name="com.facebook.appevents.SessionInfo.sessionId">0bee257d-d084-463d-8ada-c4dd2adecaff</string>
</map>
