<?xml version='1.0' encoding='utf-8' standalone='yes' ?>
<map>
    <string name="prev_event_name">app_session_start</string>
    <long name="prev_event_timestamp" value="1761638135885" />
    <int name="appsFlyerInAppEventCount" value="19" />
    <string name="afUninstallToken">f3AECyzbRQmvKeisxz4OmQ:APA91bHHAAX6n7MRwM9pLseyH47vzpbfb_6mGq-tPzivDc0AdTMG1IOsMcnBGhW4CGRGvJ2KMgWBbkG951VIW4IsbAhQl2zamYIn8PA67Dm3ehplBA3BKrE</string>
    <long name="prev_session_dur" value="13" />
    <boolean name="ddl_sent" value="true" />
    <long name="af_rc_max_age" value="86400" />
    <string name="sentSuccessfully">true</string>
    <int name="versionCode" value="24" />
    <boolean name="sentRegisterRequestToAF" value="true" />
    <string name="af_remote_config">eyJmZWF0dXJlcyI6e30sInZlciI6ImRlZmF1bHQudjEuMTYzNzE0OTUyOSJ9</string>
    <string name="savedProperties">{&quot;uid&quot;:&quot;1761625845748-2411398805037561428&quot;,&quot;oneLinkSlug&quot;:&quot;HRWp&quot;}</string>
    <string name="AF_INSTALLATION">1761625845748-2411398805037561428</string>
    <boolean name="afUninstallToken_queued" value="false" />
    <int name="appsFlyerCount" value="15" />
    <long name="AppsFlyerTimePassedSincePrevLaunch" value="1761638135212" />
    <boolean name="newGPReferrerSent" value="true" />
    <long name="af_rc_timestamp" value="1761625859610" />
    <string name="appsFlyerFirstInstall">2025-10-28_100046+0530</string>
    <long name="afUninstallToken_received_time" value="1761625925792" />
    <string name="attributionId">{&quot;install_time&quot;:&quot;2025-10-28 04:30:58.350&quot;,&quot;af_message&quot;:&quot;organic install&quot;,&quot;af_status&quot;:&quot;Organic&quot;,&quot;is_first_launch&quot;:false}</string>
</map>
