<?xml version='1.0' encoding='utf-8' standalone='yes' ?>
<map>
    <string name="prev_event_name">app_session_start</string>
    <long name="prev_event_timestamp" value="1761589210828" />
    <int name="appsFlyerInAppEventCount" value="19" />
    <string name="afUninstallToken">cthijv7ZQb2KJlPB12-c9q:APA91bHayptqmI4NAbUeb53Klj5Trxxcvg0UsvsbJ1XCHzRmXoB0UJ08Bcf6rcJuatwam8QYZV1kMQIBpJ2bAi5WMS45JD7bL-ZJyvvi2ktVVyXtydN7Cb4</string>
    <long name="prev_session_dur" value="3" />
    <boolean name="ddl_sent" value="true" />
    <long name="af_rc_max_age" value="86400" />
    <string name="sentSuccessfully">true</string>
    <int name="versionCode" value="24" />
    <string name="af_remote_config">eyJmZWF0dXJlcyI6e30sInZlciI6ImRlZmF1bHQudjEuMTYzNzE0OTUyOSJ9</string>
    <boolean name="sentRegisterRequestToAF" value="true" />
    <string name="savedProperties">{&quot;uid&quot;:&quot;1761520323924-8780942589221199957&quot;,&quot;oneLinkSlug&quot;:&quot;HRWp&quot;}</string>
    <string name="AF_INSTALLATION">1761520323924-8780942589221199957</string>
    <boolean name="afUninstallToken_queued" value="false" />
    <int name="appsFlyerCount" value="28" />
    <long name="af_rc_timestamp" value="1761520324475" />
    <long name="AppsFlyerTimePassedSincePrevLaunch" value="1761589214337" />
    <boolean name="newGPReferrerSent" value="true" />
    <string name="appsFlyerFirstInstall">2025-10-27_044204+0530</string>
    <long name="afUninstallToken_received_time" value="1761520327144" />
    <string name="attributionId">{&quot;af_status&quot;:&quot;Organic&quot;,&quot;af_message&quot;:&quot;organic install&quot;,&quot;is_first_launch&quot;:false}</string>
</map>
