<?xml version='1.0' encoding='utf-8' standalone='yes' ?>
<map>
    <boolean name="deep_link_retrieval_complete" value="true" />
    <long name="first_open_time" value="1761625844890" />
    <string name="gmp_app_id">1:708611389712:android:b55b33281072ef0fed4d95</string>
    <string name="app_instance_id">718e69e1a14e96273e5d2e6ce8e8563a</string>
    <long name="deep_link_retrieval_attempts" value="2" />
    <long name="session_id" value="1761638076" />
    <boolean name="app_backgrounded" value="false" />
    <long name="health_monitor:start" value="1761625845343" />
    <boolean name="use_service" value="true" />
    <boolean name="deferred_analytics_collection" value="false" />
    <string name="previous_os_version">15</string>
    <boolean name="has_been_opened" value="true" />
    <string name="health_monitor:value">2WC142000:Network is not available for Deferred Deep Link request. Skipping</string>
    <boolean name="allow_remote_dynamite" value="true" />
    <long name="last_pause_time" value="1761638139620" />
    <boolean name="start_new_session" value="false" />
    <long name="health_monitor:count" value="1" />
</map>
