<?xml version='1.0' encoding='utf-8' standalone='yes' ?>
<map>
    <long name="com.facebook.appevents.SessionInfo.sessionStartTime" value="1761520324261" />
    <long name="com.facebook.appevents.SessionInfo.sessionEndTime" value="1761520651872" />
    <boolean name="bg_startup_tracing" value="false" />
    <string name="theoremReachAppuserId">579196918</string>
    <int name="com.facebook.appevents.SessionInfo.interruptionCount" value="13" />
    <string name="com.facebook.appevents.SessionInfo.sessionId">64510c41-9448-4fa4-9a49-9557aaea80bf</string>
</map>
