<?xml version='1.0' encoding='utf-8' standalone='yes' ?>
<map>
    <set name="fire-cls/19.0.3 fire-installations/18.0.0 device-brand/vivo fire-auth/23.0.0 android-min-sdk/23 fire-rc/22.0.0 fire-abt/21.1.1 kotlin/2.1.20 fire-android/35 fire-core/21.0.0 device-name/V2428iC fire-core-ktx/21.0.0 fire-perf/21.0.1 android-installer/com.android.shell fire-analytics/22.1.0 android-platform/ device-model/V2428 fire-fcm/24.0.1 fire-sessions/2.0.3 fire-transport/19.0.0 android-target-sdk/34">
        <string>2025-10-28</string>
    </set>
    <long name="fire-count" value="3" />
    <string name="last-used-date">2025-10-28</string>
    <long name="fire-global" value="1761520323394" />
    <set name="fire-cls/19.0.3 fire-installations/18.0.0 fire-auth/23.0.0 device-brand/Infinix fire-rc/22.0.0 android-min-sdk/23 device-name/X675-GL fire-abt/21.1.1 kotlin/2.1.20 fire-core/21.0.0 fire-android/30 fire-core-ktx/21.0.0 fire-perf/21.0.1 fire-analytics/22.1.0 android-installer/com.google.android.packageinstaller android-platform/ device-model/Infinix-X675 fire-fcm/24.0.1 fire-sessions/2.0.3 fire-transport/19.0.0 android-target-sdk/34">
        <string>2025-10-27</string>
        <string>2025-10-26</string>
    </set>
</map>
