<?xml version='1.0' encoding='utf-8' standalone='yes' ?>
<map>
    <int name="appVersion" value="24" />
    <string name="user_session">{&quot;session_id&quot;:&quot;18e4ced5-fcb1-4bcd-bd1e-b2421186ec45&quot;,&quot;start_time&quot;:&quot;2025-10-28T07:54:37.147Z&quot;,&quot;last_interaction_time&quot;:1761638129646}</string>
    <long name="last_event_sync_time" value="1761638077620" />
    <long name="inapp_last_sync_time" value="1761638135" />
    <set name="sent_activity_list">
        <string>com.amazon.device.ads.DTBInterstitialActivity</string>
        <string>com.radio.pocketfm.app.maintenance.AppMaintenanceActivity</string>
        <string>com.stripe.android.view.Stripe3ds2CompletionActivity</string>
        <string>theoremreach.com.theoremreach.MomentSurveyActivity</string>
        <string>com.freshchat.consumer.sdk.activity.InterstitialActivity</string>
        <string>com.byteplus.vod.input.media.SampleShortVideoActivity</string>
        <string>com.radio.pocketfm.ClipBoardUtilActivity</string>
        <string>com.freshchat.consumer.sdk.activity.FAQSearchActivity</string>
        <string>com.moengage.pushbase.activities.PushClickDialogTracker</string>
        <string>androidx.compose.ui.tooling.PreviewActivity</string>
        <string>com.stripe.android.view.PaymentAuthWebViewActivity</string>
        <string>com.radio.pocketfm.app.mobile.ui.splash.SplashActivity</string>
        <string>com.freshchat.consumer.sdk.activity.FAQCategoriesActivity</string>
        <string>com.xiaomi.mipush.sdk.NotificationClickedActivity</string>
        <string>com.radio.pocketfm.app.mobile.ui.routing.RoutingActivity</string>
        <string>androidx.car.app.CarAppPermissionActivity</string>
        <string>com.google.firebase.auth.internal.RecaptchaActivity</string>
        <string>com.freshchat.consumer.sdk.activity.DeeplinkInterstitialActivity</string>
        <string>com.freshchat.consumer.sdk.activity.ArticleListActivity</string>
        <string>com.freshchat.consumer.sdk.activity.FAQDetailsActivity</string>
        <string>com.radio.pocketfm.app.mobile.ui.myspace.UserPreferenceComposeActivity</string>
        <string>androidx.credentials.playservices.HiddenActivity</string>
        <string>com.stripe.android.view.AddPaymentMethodActivity</string>
        <string>com.google.android.tv.ads.controls.FallbackImageActivity</string>
        <string>com.freshchat.consumer.sdk.activity.FAQListActivity</string>
        <string>com.byteplus.vod.minidrama.scene.main.DramaMainActivity</string>
        <string>com.radio.pocketfm.app.onboarding.ui.WalkthroughActivity</string>
        <string>com.radio.pocketfm.app.FirebasePhoneAuthActivity</string>
        <string>com.facebook.FacebookActivity</string>
        <string>com.radio.pocketfm.FeedActivity</string>
        <string>com.moe.pushlibrary.activities.MoEActivity</string>
        <string>com.freshchat.consumer.sdk.activity.PictureAttachmentActivity</string>
        <string>com.google.firebase.auth.internal.GenericIdpActivity</string>
        <string>com.radio.pocketfm.app.wallet.view.PaymentSuccessActivity</string>
        <string>com.facebook.CustomTabMainActivity</string>
        <string>com.radio.pocketfm.UserPreferenceActivity</string>
        <string>com.google.android.play.core.common.PlayCoreDialogWrapperActivity</string>
        <string>com.moengage.hms.pushkit.PushClickTracker</string>
        <string>com.radio.pocketfm.tv.SplashActivityTV</string>
        <string>com.radio.pocketfm.tv.login.LoginActivityTV</string>
        <string>com.freshchat.consumer.sdk.activity.ChannelListActivity</string>
        <string>com.byteplus.vod.minidrama.scene.detail.DramaDetailVideoActivity</string>
        <string>com.stripe.android.view.PaymentMethodsActivity</string>
        <string>com.amazon.aps.ads.activity.ApsInterstitialActivity</string>
        <string>com.google.android.gms.common.api.GoogleApiActivity</string>
        <string>com.freshchat.consumer.sdk.activity.ConversationDetailActivity</string>
        <string>theoremreach.com.theoremreach.RewardCenterActivity</string>
        <string>com.google.android.gms.auth.api.signin.internal.SignInHubActivity</string>
        <string>com.amazon.device.ads.DTBAdActivity</string>
        <string>com.moengage.pushbase.internal.activity.PermissionActivity</string>
        <string>com.radio.pocketfm.ProfileEditActivity</string>
        <string>com.radio.pocketfm.tv.showdetail.ShowDetailActivityTV</string>
        <string>com.canhub.cropper.CropImageActivity</string>
        <string>com.facebook.CustomTabActivity</string>
        <string>com.radio.pocketfm.app.AdminControlsActivity</string>
        <string>com.byteplus.vod.input.media.SampleSourceActivity</string>
        <string>com.byteplus.vod.input.media.SampleFeedVideoActivity</string>
        <string>bin.mt.file.content.MTDataFilesWakeUpActivity</string>
        <string>com.stripe.android.stripe3ds2.views.ChallengeActivity</string>
        <string>com.moengage.pushbase.activities.PushTracker</string>
        <string>com.byteplus.voddemo.ui.video.scene.VideoActivity</string>
        <string>com.radio.pocketfm.tv.home.FeedActivityTV</string>
        <string>com.radio.pocketfm.app.ExistingUserLoginActivity</string>
        <string>com.android.billingclient.api.ProxyBillingActivity</string>
        <string>com.freshchat.consumer.sdk.activity.BotFaqDetailsActivity</string>
        <string>com.radio.pocketfm.app.wallet.CoinsRechargeAndPaymentActivity</string>
        <string>com.radio.pocketfm.app.mobile.ui.chat.ChatBotConversationActivity</string>
        <string>com.radio.pocketfm.app.mobile.ui.WebViewActivity</string>
        <string>com.moengage.inapp.internal.activity.MoEInAppActivity</string>
        <string>com.stripe.android.view.PaymentFlowActivity</string>
        <string>com.freshchat.consumer.sdk.activity.ArticleDetailActivity</string>
        <string>com.byteplus.vod.minidrama.scene.detail.pay.DramaEpisodeMockAdActivity</string>
        <string>com.freshchat.consumer.sdk.activity.CategoryListActivity</string>
        <string>com.stripe.android.stripe3ds2.views.ChallengeProgressActivity</string>
        <string>com.radio.pocketfm.OnBoardingStepsActivity</string>
        <string>com.stripe.android.view.PaymentRelayActivity</string>
        <string>com.radio.pocketfm.tv.player.PlayerActivityTV</string>
    </set>
    <string name="registration_id">cthijv7ZQb2KJlPB12-c9q:APA91bHayptqmI4NAbUeb53Klj5Trxxcvg0UsvsbJ1XCHzRmXoB0UJ08Bcf6rcJuatwam8QYZV1kMQIBpJ2bAi5WMS45JD7bL-ZJyvvi2ktVVyXtydN7Cb4</string>
    <boolean name="pref_installed" value="true" />
    <boolean name="is_device_registered" value="true" />
    <long name="last_config_sync_time" value="1761638077519" />
    <string name="core_moengage_environment">DEFAULT</string>
    <long name="notification_permission_tracked_time" value="1761626072455" />
    <long name="events_batch_number" value="12" />
    <long name="inapp_api_sync_delay" value="900" />
    <long name="inapp_html_assets_delete_time" value="1761638077" />
    <boolean name="has_registered_for_verification" value="false" />
    <long name="in_app_global_delay" value="900" />
    <string name="APP_UUID">25bb403a-b301-45e1-99d4-eab66affe6b1</string>
    <string name="user_attribute_unique_id">239090db767ed953</string>
</map>
