<?xml version='1.0' encoding='utf-8' standalone='yes' ?>
<map>
    <string name="last-used-date">2025-11-05</string>
    <long name="fire-count" value="1" />
    <long name="fire-global" value="1762347734071" />
    <set name="fire-cls/18.4.1 device-brand/vivo fire-analytics/21.3.0 fire-analytics-ktx/21.3.0 fire-fcm/23.2.1 kotlin/2.0.0 fire-sessions/1.0.2 fire-abt/21.1.1 fire-cls-ndk/18.4.1 fire-core/20.3.3 fire-perf-ktx/unspecified fire-fst-ktx/unspecified android-platform/ android-min-sdk/21 fire-transport/18.1.8 android-target-sdk/35 fire-perf/20.4.1 fire-core-ktx/unspecified fire-fst/24.7.1 fire-db-ktx/unspecified fire-fcm-ktx/unspecified fire-android/35 device-name/V2428iC android-installer/com.android.shell fire-installations/17.1.4 fire-rtdb/20.2.2 device-model/V2428 fire-rc/21.4.1">
        <string>2025-11-05</string>
    </set>
</map>
