<?xml version='1.0' encoding='utf-8' standalone='yes' ?>
<map>
    <boolean name="measurement_enabled_from_api" value="true" />
    <long name="first_open_time" value="1766061441904" />
    <string name="gmp_app_id">1:636813832662:android:6ee1faecedb3b1dbfc7477</string>
    <string name="app_instance_id">8f61f1f5fd8e60f305c7ae125ca626a8</string>
    <long name="session_id" value="1766061447" />
    <boolean name="app_backgrounded" value="true" />
    <long name="health_monitor:start" value="1766061447623" />
    <boolean name="use_service" value="true" />
    <boolean name="deferred_analytics_collection" value="false" />
    <string name="previous_os_version">11</string>
    <boolean name="measurement_enabled" value="true" />
    <boolean name="has_been_opened" value="true" />
    <string name="health_monitor:value">2EC146007:Failed to get user properties; remote exception: android.os.DeadObjectException: m7.bx.b(:com.google.android.gms.dynamite_measurementdynamite@254730022@25.47.30 (150400-0):8)</string>
    <boolean name="allow_remote_dynamite" value="true" />
    <long name="last_pause_time" value="1766061540448" />
    <boolean name="start_new_session" value="false" />
    <long name="health_monitor:count" value="7" />
</map>
