{"Fid":"fwtWslJUQJiQJnR6xE1xsI","Status":3,"AuthToken":"eyJhbGciOiJFUzI1NiIsInR5cCI6IkpXVCJ9.eyJhcHBJZCI6IjE6ODc2MzMzMzcxNTk2OmFuZHJvaWQ6OTJlMjQzNjFhNmE0YWIzY2Y4MzI2OSIsImV4cCI6MTc2NjY2NjI0NSwiZmlkIjoiZnd0V3NsSlVRSmlRSm5SNnhFMXhzSSIsInByb2plY3ROdW1iZXIiOjg3NjMzMzM3MTU5Nn0.AB2LPV8wRAIgWTFRKR0sYceUIux42Clr_-rj32N1DDldk5XLVYRGG18CIGi_QE33pYRPQsyLZdzysjYhS9TBMa8KWejtIq5OO4sO","RefreshToken":"3_AS3qfwIz9algkQZ6HYUHK_sEjk4kkLeoo5_YaNv1M3cczTzxERAbJ2AAHBy-PqDKbhJ-e5dyC1eg3ATRGGCZjcHE6d3we_TZDhEaCcjvYQIaAcw","TokenCreationEpochInSecs":1766061444,"ExpiresInSecs":604800}