<?xml version='1.0' encoding='utf-8' standalone='yes' ?>
<map>
    <long name="first_open_time" value="1757050285658" />
    <string name="gmp_app_id">1:412826138735:android:8a32f791e415634f2ff59a</string>
    <string name="app_instance_id">3740554032f0e7b0ed67ab580da71724</string>
    <long name="session_id" value="1762346791" />
    <boolean name="app_backgrounded" value="false" />
    <long name="health_monitor:start" value="1762346791950" />
    <boolean name="use_service" value="true" />
    <boolean name="deferred_analytics_collection" value="false" />
    <string name="default_event_parameters">[{&quot;n&quot;:&quot;sc_session_id&quot;,&quot;v&quot;:&quot;3356132988_09e0d568-fc96-4262-b4e5-889c6d3e444c&quot;,&quot;t&quot;:&quot;s&quot;}]</string>
    <string name="previous_os_version">15</string>
    <boolean name="has_been_opened" value="true" />
    <boolean name="allow_remote_dynamite" value="true" />
    <long name="last_pause_time" value="1762346803368" />
    <boolean name="start_new_session" value="false" />
</map>
