{"Fid":"fhS6A2cNRwa3eEkDY3bPYO","Status":3,"AuthToken":"eyJhbGciOiJFUzI1NiIsInR5cCI6IkpXVCJ9.eyJhcHBJZCI6IjE6NzA4NjExMzg5NzEyOmFuZHJvaWQ6YjU1YjMzMjgxMDcyZWYwZmVkNGQ5NSIsImV4cCI6MTc2MzU0NDY5NiwiZmlkIjoiZmhTNkEyY05Sd2EzZUVrRFkzYlBZTyIsInByb2plY3ROdW1iZXIiOjcwODYxMTM4OTcxMn0.AB2LPV8wRAIgY-wBdw55vJaSxjY5EJ6cLQnFxwnzuXjVIKheYle3OsYCIE3VDo4Veu0HyozowQdTn8Dv9w8b6MWiEI7TTIUe76FN","RefreshToken":"3_AS3qfwKQwZsoDJ9llp1698XbgB5CbheE8nxyCilAAHtZf13yTg-IkMPO0eLVhwgbGYbKXrqjLS7dRUrQJKM5l9NzQcMep1jA4gghX4DLiG5wdys","TokenCreationEpochInSecs":1762939896,"ExpiresInSecs":604800}